<?xml version="1.0" encoding="UTF-8"?>
<EmailTemplate xmlns="http://soap.sforce.com/2006/04/metadata">
    <available>true</available>
    <encodingKey>ISO-8859-1</encodingKey>
    <name>Join icix network</name>
    <style>none</style>
    <subject>Join icix network</subject>
    <textOnly>Hello {!Account.Name}, 
It is invite to join icix network, which was sent by {!User.Name}. You can resgister on: https://www.salesforce.com/

Thanks,

icix Admin

If you need assistance, contact icix Customer Service at (877) 888-4249 or (650) 581-2000.  If you have any additional questions or would like to unsubscribe from these notifications please email customerservice@icix.com and we will respond to your request.

Do not reply to this e-mail address.

Copyright 2015 icix. All rights reserved.</textOnly>
    <type>custom</type>
</EmailTemplate>
