<?xml version="1.0" encoding="UTF-8"?>
<EmailTemplate xmlns="http://soap.sforce.com/2006/04/metadata">
    <available>true</available>
    <encodingKey>ISO-8859-1</encodingKey>
    <name>Requestor Rejection Notification</name>
    <style>none</style>
    <subject>Submission has been Rejected</subject>
    <textOnly>Dear {!User.FirstName}

The {!Workflow_Instance__c.Request__c} submission from {!Workflow_Instance__c.Primary_Partner__c} has been rejected by {!Workflow_Instance__c.LastModifiedBy} for the following reason:

{!Workflow_Instance__c.Comment__c}

The workflow is in a {!Workflow_Instance__c.Request_Status__c} status and requires resubmission by {!Workflow_Instance__c.Primary_Partner__c}.

Please login here: {!Workflow_Instance__c.Link} to review the submission and additional tasks.

Thanks,

icix Admin</textOnly>
    <type>custom</type>
</EmailTemplate>
