<?xml version="1.0" encoding="UTF-8"?>
<EmailTemplate xmlns="http://soap.sforce.com/2006/04/metadata">
    <available>true</available>
    <encodingKey>ISO-8859-1</encodingKey>
    <name>Requestor Submitted Notification</name>
    <style>none</style>
    <subject>Responder has Submitted Request</subject>
    <textOnly>Dear {!User.FirstName},

{!Workflow_Instance__c.Primary_Partner__c} has submitted their {!Workflow_Instance__c.Request__c} and is ready for your review.

The workflow is in a {!Workflow_Instance__c.Request_Status__c} status.

Please login here to review the submission.

Thanks,

icix Admin</textOnly>
    <type>custom</type>
</EmailTemplate>
