<?xml version="1.0" encoding="UTF-8"?>
<EmailTemplate xmlns="http://soap.sforce.com/2006/04/metadata">
    <available>true</available>
    <encodingKey>ISO-8859-1</encodingKey>
    <name>Requestor Opened Notification</name>
    <style>none</style>
    <subject>Responder has Opened Request</subject>
    <textOnly>Dear {!User.FirstName},

{!Workflow_Instance__c.Primary_Partner__c} has received and reviewed their {!Workflow_Instance__c.Request__c}.

The workflow is in a {!Workflow_Instance__c.Request_Status__c} status.

Thanks,

icix Admin

If you need assistance, contact icix Customer Service at (877) 888-4249 or (650) 581-2000.  If you have any additional questions or would like to unsubscribe from these notifications please email customerservice@icix.com and we will respond to your request.

Do not reply to this e-mail address.

Copyright 2015 icix. All rights reserved.</textOnly>
    <type>custom</type>
</EmailTemplate>
