<?xml version="1.0" encoding="UTF-8"?>
<EmailTemplate xmlns="http://soap.sforce.com/2006/04/metadata">
    <available>true</available>
    <encodingKey>ISO-8859-1</encodingKey>
    <name>Responder New Request Notification</name>
    <style>none</style>
    <subject>New Request Notification</subject>
    <textOnly>Dear {!User.FirstName},

{!Workflow_Instance__c.Account__c} has requested {!Workflow_Instance__c.Request__c} from you, with the following comment:

{!Workflow_Instance__c.Comment__c}

The workflow is in a {!Workflow_Instance__c.Request_Status__c} status.

Please login here to review and act upon open tasks required to complete the {!Workflow_Instance__r.Request__c}.

Thanks,

icix Admin</textOnly>
    <type>custom</type>
</EmailTemplate>
