<?xml version="1.0" encoding="UTF-8"?>
<EmailTemplate xmlns="http://soap.sforce.com/2006/04/metadata">
    <available>true</available>
    <encodingKey>ISO-8859-1</encodingKey>
    <name>Responder Request Approved Notification</name>
    <style>none</style>
    <subject>Your Request has been Approved</subject>
    <textOnly>Dear {!User.FirstName},

{!Workflow_Instance__c.Account__c} has approved {!Workflow_Instance__c.Request__c} submitted by you, with the following comment:

{!Request__c.Comments__c}

No further action is needed at this time.

Thanks,

icix Admin

If you need assistance, contact icix Customer Service at (877) 888-4249 or (650) 581-2000.  If you have any additional questions or would like to unsubscribe from these notifications please email customerservice@icix.com and we will respond to your request.

Do not reply to this e-mail address.

Copyright 2015 icix. All rights reserved.</textOnly>
    <type>custom</type>
</EmailTemplate>
