<?xml version="1.0" encoding="UTF-8"?>
<EmailTemplate xmlns="http://soap.sforce.com/2006/04/metadata">
    <apiVersion>35.0</apiVersion>
    <available>true</available>
    <encodingKey>ISO-8859-1</encodingKey>
    <name>Responder Request Notification</name>
    <packageVersions>
        <majorNumber>1</majorNumber>
        <minorNumber>0</minorNumber>
        <namespace>Icix_Alpha</namespace>
    </packageVersions>
    <style>none</style>
    <subject>New Request Notification</subject>
    <type>visualforce</type>
</EmailTemplate>
